,A4L_before,A5L_before,A5R_before,A6L_before,A6R_before,A7L_before
0,1690.0143927537044,1943.571742804305,1950.7569433428334,1204.1655151223322,2331.176804241956,2619.2883624574097
