,A4L_after,A5L_after,A5R_after,A6L_after,A6R_after,A7L_after
0,1018.6155473387641,1652.894508642225,1184.817641577063,988.5122314327226,1482.6514815987468,1605.8101570880478
