,A5L_before,A5R_before,A6L_before,A6R_before,A7L_before,A7R_before
0,463.4102564102564,385.1666666666667,328.1578947368421,444.125,377.9130434782609,246.9