,A5L_before,A5R_before,A6L_before,A6R_before,A7L_before,A7R_before
0,344.1111111,376.6153846,502.5185185,373.9473684,312.1724138,374.8571429