,A3L_before,A4L_before,A4R_before,A5L_before,A6L_before,A6R_before,A7L_before,A7R_before
0,358.8627450980392,448.625,353.15555555555557,245.88235294117646,735.0,425.2,298.3658536585366,372.5
