,A4L_before,A5L_before,A5R_before,A6L_before,A6R_before,A7L_before
0,390.0,424.9148936170213,408.3720930232558,389.9761904761905,738.3260869565217,358.6271186440678
